job_id,job_title,compnay,location,link,date,seniority,employment_type,job_function,industries
3442151825,Pharmacist in Charge - Permanent Part Time,Workforce Australia for Individuals,"Kensington, New South Wales, Australia",https://au.linkedin.com/jobs/view/pharmacist-in-charge-permanent-part-time-at-workforce-australia-for-individuals-3442151825?refId=xwDyV%2FB%2F0IeJ508SaDmqvg%3D%3D&trackingId=2oqVW0wsy7tHZS5QrNCptQ%3D%3D&position=1&pageNum=0&trk=public_jobs_jserp-result_search-card,2023-01-19,Entry level,Part-time,Health Care Provider,Government Administration
3440845553,Pharmacist,Raven's Recruitment,"Sydney, New South Wales, Australia",https://au.linkedin.com/jobs/view/pharmacist-at-raven-s-recruitment-3440845553?refId=xwDyV%2FB%2F0IeJ508SaDmqvg%3D%3D&trackingId=MaesAsIugEczOOxsnLTQ3g%3D%3D&position=2&pageNum=0&trk=public_jobs_jserp-result_search-card,2023-01-19,Entry level,Part-time,Health Care Provider,Staffing and Recruiting
3435451151,Pharmacist Grade 1/2,I work for NSW,"Sydney, New South Wales, Australia",https://au.linkedin.com/jobs/view/pharmacist-grade-1-2-at-i-work-for-nsw-3435451151?refId=xwDyV%2FB%2F0IeJ508SaDmqvg%3D%3D&trackingId=8QcIMJdeqJ5wSZmS8U47kw%3D%3D&position=3&pageNum=0&trk=public_jobs_jserp-result_search-card,2023-01-11,N/A,Part-time,N/A,N/A
3444396277,Pharmacist Grade 1/2 - Drug and Alcohol Service,I work for NSW,"Sydney, New South Wales, Australia",https://au.linkedin.com/jobs/view/pharmacist-grade-1-2-drug-and-alcohol-service-at-i-work-for-nsw-3444396277?refId=xwDyV%2FB%2F0IeJ508SaDmqvg%3D%3D&trackingId=WDBIHhv2LQ5lmLmwo8dHuw%3D%3D&position=4&pageNum=0&trk=public_jobs_jserp-result_search-card,2023-01-19,Not Applicable,Part-time,Health Care Provider,Government Administration
3433362774,Mental Health Pharmacist (Grade 1/2),I work for NSW,"Sydney, New South Wales, Australia",https://au.linkedin.com/jobs/view/mental-health-pharmacist-grade-1-2-at-i-work-for-nsw-3433362774?refId=xwDyV%2FB%2F0IeJ508SaDmqvg%3D%3D&trackingId=02m%2FmFhzxSphpNcsuXLNAQ%3D%3D&position=5&pageNum=0&trk=public_jobs_jserp-result_search-card,2023-01-10,Not Applicable,Full-time,Health Care Provider,Government Administration
3447527992,Pharmacist,On Q Recruitment,"Sydney, New South Wales, Australia",https://au.linkedin.com/jobs/view/pharmacist-at-on-q-recruitment-3447527992?refId=xwDyV%2FB%2F0IeJ508SaDmqvg%3D%3D&trackingId=qZOm1%2BVbwHt0BAv%2ByPQ6Cw%3D%3D&position=6&pageNum=0&trk=public_jobs_jserp-result_search-card,2023-01-24,Associate,Full-time,Health Care Provider,Consumer Services and Wellness and Fitness Services
3428388180,Eastern Suburbs of Sydney - Pharmacist,Nationwide Pharmacy Services - Pharmacy Recruitment & Career Consulting,"Sydney, New South Wales, Australia",https://au.linkedin.com/jobs/view/eastern-suburbs-of-sydney-pharmacist-at-nationwide-pharmacy-services-pharmacy-recruitment-career-consulting-3428388180?refId=xwDyV%2FB%2F0IeJ508SaDmqvg%3D%3D&trackingId=dAyQbDO3XWBtB60BeEtWgA%3D%3D&position=7&pageNum=0&trk=public_jobs_jserp-result_search-card,2023-01-06,Entry level,Full-time,Health Care Provider,Hospitals and Health Care
3441671298,Pharmacist (Grade 1) - TFT up to 31 December 2023 - Malabar,I work for NSW,"Sydney, New South Wales, Australia",https://au.linkedin.com/jobs/view/pharmacist-grade-1-tft-up-to-31-december-2023-malabar-at-i-work-for-nsw-3441671298?refId=xwDyV%2FB%2F0IeJ508SaDmqvg%3D%3D&trackingId=c7UvGiFF56BYHRQqtkRAKg%3D%3D&position=8&pageNum=0&trk=public_jobs_jserp-result_search-card,2023-01-17,Not Applicable,Full-time,Health Care Provider,Government Administration
3436139548,Pharmacist,Blue Cross Pharmacy,"Kingsgrove, New South Wales, Australia",https://au.linkedin.com/jobs/view/pharmacist-at-blue-cross-pharmacy-3436139548?refId=xwDyV%2FB%2F0IeJ508SaDmqvg%3D%3D&trackingId=JenR%2B0LpAoEGCqraXsaGSg%3D%3D&position=9&pageNum=0&trk=public_jobs_jserp-result_search-card,2023-01-13,N/A,Part-time,N/A,N/A
3433511285,Mental Health Pharmacist (Grade 1/2),Sydney Local Health District,"Concord, New South Wales, Australia",https://au.linkedin.com/jobs/view/mental-health-pharmacist-grade-1-2-at-sydney-local-health-district-3433511285?refId=xwDyV%2FB%2F0IeJ508SaDmqvg%3D%3D&trackingId=3FuG44uVSAgACyDtTgwkIw%3D%3D&position=10&pageNum=0&trk=public_jobs_jserp-result_search-card,2023-01-10,Entry level,Full-time,Health Care Provider,Hospitals and Health Care
3451777074,Specialist Clinical Pharmacist-Mental Health Prince of Wales Hospital,I work for NSW,"Sydney, New South Wales, Australia",https://au.linkedin.com/jobs/view/specialist-clinical-pharmacist-mental-health-prince-of-wales-hospital-at-i-work-for-nsw-3451777074?refId=xwDyV%2FB%2F0IeJ508SaDmqvg%3D%3D&trackingId=9u9UGeFTa94NZicQ0CSUAQ%3D%3D&position=11&pageNum=0&trk=public_jobs_jserp-result_search-card,2023-01-24,Not Applicable,Full-time,Health Care Provider,Government Administration
3389612563,Pharmacist - District Casual Pool,I work for NSW,"Sydney, New South Wales, Australia",https://au.linkedin.com/jobs/view/pharmacist-district-casual-pool-at-i-work-for-nsw-3389612563?refId=xwDyV%2FB%2F0IeJ508SaDmqvg%3D%3D&trackingId=vFQk%2BfnjBIn4yDraFWHHKg%3D%3D&position=12&pageNum=0&trk=public_jobs_jserp-result_search-card,2022-11-11,Not Applicable,Full-time,Health Care Provider,Government Administration
3451526713,Hospital Pharmacist - Mater Nth Syd,Icon Group,"Sydney, New South Wales, Australia",https://au.linkedin.com/jobs/view/hospital-pharmacist-mater-nth-syd-at-icon-group-3451526713?refId=xwDyV%2FB%2F0IeJ508SaDmqvg%3D%3D&trackingId=wNHvXqSOShisz722kG2%2Bow%3D%3D&position=13&pageNum=0&trk=public_jobs_jserp-result_search-card,2023-01-24,Entry level,Full-time,Health Care Provider,Hospitals and Health Care
3415647143,Pharmacist - Stamford Hill,RHR,"Newington, New South Wales, Australia",https://au.linkedin.com/jobs/view/pharmacist-stamford-hill-at-rhr-3415647143?refId=xwDyV%2FB%2F0IeJ508SaDmqvg%3D%3D&trackingId=WpQvb3Wm9U8c%2B7UgxJ7kCg%3D%3D&position=14&pageNum=0&trk=public_jobs_jserp-result_search-card,2022-12-05,Entry level,Full-time,Health Care Provider,Staffing and Recruiting
3437332812,HMR / HMMR Accredited Pharmacist - Stunning NSW Coastal location $60 + super/hr,Nationwide Pharmacy Services - Pharmacy Recruitment & Career Consulting,"Sydney, New South Wales, Australia",https://au.linkedin.com/jobs/view/hmr-hmmr-accredited-pharmacist-stunning-nsw-coastal-location-%2460-%2B-super-hr-at-nationwide-pharmacy-services-pharmacy-recruitment-career-consulting-3437332812?refId=xwDyV%2FB%2F0IeJ508SaDmqvg%3D%3D&trackingId=rrS0GiFM59LEWjlOl4c6Ug%3D%3D&position=15&pageNum=0&trk=public_jobs_jserp-result_search-card,2023-01-13,Entry level,Full-time,Health Care Provider,Hospitals and Health Care
3435770867,"Clinical Pharmacist Grade 1 or 2, Rotational. Randwick Campus Hospitals",I work for NSW,"Sydney, New South Wales, Australia",https://au.linkedin.com/jobs/view/clinical-pharmacist-grade-1-or-2-rotational-randwick-campus-hospitals-at-i-work-for-nsw-3435770867?refId=xwDyV%2FB%2F0IeJ508SaDmqvg%3D%3D&trackingId=PYBtIifGzHCjSOlGuIsh8A%3D%3D&position=16&pageNum=0&trk=public_jobs_jserp-result_search-card,2023-01-12,Not Applicable,Full-time,Health Care Provider,Government Administration
3449391947,"Clinical Pharmacist - Epic Pharmacy, Port Macquarie Base Hospital",Icon Group,"Sydney, New South Wales, Australia",https://au.linkedin.com/jobs/view/clinical-pharmacist-epic-pharmacy-port-macquarie-base-hospital-at-icon-group-3449391947?refId=xwDyV%2FB%2F0IeJ508SaDmqvg%3D%3D&trackingId=EAOPuvUbKVrDhTAPakeWlw%3D%3D&position=17&pageNum=0&trk=public_jobs_jserp-result_search-card,2023-01-23,Entry level,Full-time,Health Care Provider,Hospitals and Health Care
3446281777,Bone Marrow Transplant Pharmacist,I work for NSW,"Sydney, New South Wales, Australia",https://au.linkedin.com/jobs/view/bone-marrow-transplant-pharmacist-at-i-work-for-nsw-3446281777?refId=xwDyV%2FB%2F0IeJ508SaDmqvg%3D%3D&trackingId=JsDr1K8%2BoGI2hoaj8wczig%3D%3D&position=18&pageNum=0&trk=public_jobs_jserp-result_search-card,2023-01-20,Not Applicable,Full-time,Health Care Provider,Government Administration
3435450229,Pharmacy Porter - Randwick Campus Hospitals,I work for NSW,"Sydney, New South Wales, Australia",https://au.linkedin.com/jobs/view/pharmacy-porter-randwick-campus-hospitals-at-i-work-for-nsw-3435450229?refId=xwDyV%2FB%2F0IeJ508SaDmqvg%3D%3D&trackingId=Pe3LDKo98skZlzpTb0jsBQ%3D%3D&position=19&pageNum=0&trk=public_jobs_jserp-result_search-card,2023-01-11,Not Applicable,Full-time,Other,Government Administration
3441482420,"Hospital Pharmacist - Slade Pharmacy, Mayo Private Hospital, Taree",Icon Group,"Sydney, New South Wales, Australia",https://au.linkedin.com/jobs/view/hospital-pharmacist-slade-pharmacy-mayo-private-hospital-taree-at-icon-group-3441482420?refId=xwDyV%2FB%2F0IeJ508SaDmqvg%3D%3D&trackingId=p7HKhGzITJnqQq3pgzlVYA%3D%3D&position=20&pageNum=0&trk=public_jobs_jserp-result_search-card,2023-01-17,Entry level,Full-time,Health Care Provider,Hospitals and Health Care
3428378483,Clinical Pharmacist - Port Macquarie and Kempsey,Icon Group,"Sydney, New South Wales, Australia",https://au.linkedin.com/jobs/view/clinical-pharmacist-port-macquarie-and-kempsey-at-icon-group-3428378483?refId=xwDyV%2FB%2F0IeJ508SaDmqvg%3D%3D&trackingId=LLVK0BdywWBIPrA2IEXm%2Bw%3D%3D&position=21&pageNum=0&trk=public_jobs_jserp-result_search-card,2023-01-06,Entry level,Full-time,Health Care Provider,Hospitals and Health Care
3441499571,Pharmacy Porter (Hospital Assistant Grade 2),Sydney Local Health District,"Sydney, New South Wales, Australia",https://au.linkedin.com/jobs/view/pharmacy-porter-hospital-assistant-grade-2-at-sydney-local-health-district-3441499571?refId=xwDyV%2FB%2F0IeJ508SaDmqvg%3D%3D&trackingId=10B8Xsa%2F6nLXwLIVZEI0iA%3D%3D&position=22&pageNum=0&trk=public_jobs_jserp-result_search-card,2023-01-17,Entry level,Full-time,Other,Hospitals and Health Care
3434344200,"Clinical Lead, NSW Medicines Formulary Senior Pharmacist",I work for NSW,"Sydney, New South Wales, Australia",https://au.linkedin.com/jobs/view/clinical-lead-nsw-medicines-formulary-senior-pharmacist-at-i-work-for-nsw-3434344200?refId=xwDyV%2FB%2F0IeJ508SaDmqvg%3D%3D&trackingId=hxPdLKU3ZQFvpIGjIfuwng%3D%3D&position=23&pageNum=0&trk=public_jobs_jserp-result_search-card,2022-12-16,Not Applicable,Full-time,Health Care Provider,Government Administration
3441673117,Pharmacy Porter (Hospital Assistant Grade 2),I work for NSW,"Sydney, New South Wales, Australia",https://au.linkedin.com/jobs/view/pharmacy-porter-hospital-assistant-grade-2-at-i-work-for-nsw-3441673117?refId=xwDyV%2FB%2F0IeJ508SaDmqvg%3D%3D&trackingId=KcP%2B%2FCzxFFMjHGqjGIXlRg%3D%3D&position=24&pageNum=0&trk=public_jobs_jserp-result_search-card,2023-01-17,Not Applicable,Full-time,Other,Government Administration
3334008953,Clinical Trials Pharmacist,GenesisCare,"St Leonards, New South Wales, Australia",https://au.linkedin.com/jobs/view/clinical-trials-pharmacist-at-genesiscare-3334008953?refId=xwDyV%2FB%2F0IeJ508SaDmqvg%3D%3D&trackingId=XzxyrSpZud4AcpzE9kZ9Gw%3D%3D&position=25&pageNum=0&trk=public_jobs_jserp-result_search-card,2023-01-23,Entry level,Full-time,Health Care Provider,Hospitals and Health Care
